mean,median,std,min,max
0.0010000000000000005,0.001,4.337114131269997e-19,0.001,0.001
0.0010147887323943667,0.001,0.00012071486318558061,0.001,0.002
0.002053802816901409,0.002,0.00022564406696419786,0.002,0.003
0.003000985915492958,0.003,3.1386019301137735e-05,0.003,0.004
0.003623521126760565,0.004,0.00048714593975458835,0.003,0.005
0.014607000000000004,0.014,0.0015299416200235682,0.011,0.02
0.05238802816901409,0.047,0.029805703873992867,0.015,0.137
0.08186830985915491,0.082,0.0015706015562606964,0.079,0.097
