model,AUC_mean,AUC_se,TPR_mean,TPR_se,FPR_mean,FPR_se,TNR_mean,TNR_se,FNR_mean,FNR_se,Precision_mean,Precision_se,Recall_mean,Recall_se,F1_mean,F1_se
LCM_2.5M,0.9036549730449915,0.10789127774836138,0.7106523268418695,0.2785045051978075,0.12705267893054586,0.15069496322478457,0.8729473210694542,0.15069496322478457,0.28934767315813054,0.27850450519780745,0.8194213491200466,0.21368549950615986,0.7106523268418695,0.2785045051978075,0.7404514235017285,0.2361115079474925
LCM_9.4M,0.9060071898847818,0.10657043887794848,0.6835530892050461,0.2793702898405364,0.10542848780794721,0.12536800718765637,0.8945715121920528,0.12536800718765637,0.31644691079495385,0.27937028984053636,0.8228255707572396,0.23080678975214575,0.6835530892050461,0.2793702898405364,0.7284702255151531,0.24517154183235493
LCM_12.2M,0.9089915042221546,0.10330403913665116,0.6932917141735575,0.27554894599918617,0.1064611074228587,0.12911800152301287,0.8935388925771413,0.12911800152301284,0.3067082858264424,0.2755489459991861,0.829737358368027,0.2225052568818802,0.6932917141735575,0.27554894599918617,0.7362270308650022,0.2392093755940904
LCM_24M,0.8658405738174916,0.13331812385926203,0.6930847683303692,0.2854845329174817,0.1497762831073705,0.11311968160365227,0.8502237168926294,0.11311968160365227,0.3069152316696307,0.2854845329174817,0.7872981392532611,0.20333738017777897,0.6930847683303692,0.2854845329174817,0.7170985920457335,0.2366410139335779
PCMCI,0.800829640135169,0.18137187408151045,0.7593663203869372,0.27606068760085956,0.40261026504761105,0.25230116538707376,0.5973897349523889,0.25230116538707376,0.24063367961306278,0.27606068760085956,0.6490837809858339,0.2039597926949676,0.7593663203869372,0.27606068760085956,0.6782146225092561,0.20782136324466377
DYNOTEARS,0.6059054395854473,0.15225057889412136,0.2797775350877578,0.28930823713358544,0.08273810351498208,0.05476588311946036,0.9172618964850179,0.054765883119460367,0.7202224649122421,0.28930823713358544,0.5682045050011263,0.34801352131048985,0.2797775350877578,0.28930823713358544,0.3494536753434811,0.2973381523076279
VARLINGAM,0.8611371481418609,0.1369222493599641,0.8707782659278993,0.18658924223742474,0.38774652937547566,0.1065000784279851,0.6122534706245244,0.1065000784279851,0.1292217340721007,0.18658924223742474,0.6856487781102276,0.09745723606548386,0.8707782659278993,0.18658924223742474,0.7621992268151891,0.1316586872554647
