mean,median,std,min,max
0.0014896000000000004,0.001,0.0005080528041111244,0.001,0.005
0.0031557000000000004,0.003,0.0005548768321257276,0.003,0.015
0.0031627000000000005,0.003,0.0004377760555209464,0.003,0.012
0.004392000000000001,0.004,0.0007669386021592264,0.003,0.018
0.10913500000000001,0.108,0.010220665634047594,0.083,0.178
0.177629,0.162,0.13070575487015898,0.025,1.352
0.49576050000000005,0.494,0.009448215394299003,0.445,0.542
